<?xml version="1.0" encoding="utf-8"?>
<ModMetaData>
	<name>RBSE Back to Basics 1.1</name>
	<author>troopersmith1 - Bishop</author>
	<supportedVersions>
		<li>1.0</li>
		<li>1.1</li>
	</supportedVersions>
	<modDependencies>
	    <li>
	      <packageId>Mlie.ModCheck</packageId>
	      <displayName>Modcheck</displayName>
	      <steamWorkshopUrl>https://steamcommunity.com/sharedfiles/filedetails/?id=2035333096</steamWorkshopUrl>
	    </li>
	</modDependencies>
	<loadAfter>
		<li>Rah.RBSEHC</li>
		<li>Rah.RBSE</li>
	</loadAfter>
	<url>https://gitgud.io/Bishop/rbse-basics</url>
	<packageId>troopersmith1.RBSEBackToBasics</packageId>
	<description>Taking Rah's Bionics and Surgery Expansion back to the basics!  I love Rah. But I also love stupid pawns.  And stupid pawns need prostheses, too!

This mod expands on RBSE by creating an early research project which allows pawns to craft basic prostheses at a smithy.  Basic prostheses are worse than simple, but they make stupid pawns happy!

Also, the research required for installing all prostheses will be reduced by 1 level.  Just because your stupid pawns don't quite know how to make a bionic arm, just yet, doesn't mean they won't try installing one!
    </description>
</ModMetaData>