<?xml version="1.0" encoding="UTF-8"?>
<Defs>

    <!--================== Tier 0.5 ==================-->
    <ResearchProjectDef>
            <defName>BasicProsthetics</defName>
            <label>amputation and limb replacement</label>
            <description>Study of amputations sustained by combat or surgery. Allows for the replacement of limbs with basic prostheses crafted at a smithy.</description>
            <baseCost>600</baseCost>
            <techLevel>Medieval</techLevel>
            <tab>RBSE</tab>
            <tags>
                <li>ClassicStart</li>
            </tags>            
            <prerequisites>
                <li>Smithing</li>
            </prerequisites>
        <researchViewX>0</researchViewX>
            <researchViewY>0.5</researchViewY>
        </ResearchProjectDef>
</Defs>