<?xml version="1.0" encoding="UTF-8"?>
<Patch>

    <Operation Class="PatchOperationReplace">
        <xpath>Defs/ThingDef[defName="FueledSmithy"]/description</xpath>    
        <value>
            <description>A wood-fueled station for smithing non-mechanical weapons and tools. Can also be used to craft rudimentary prostheses.</description>
        </value>
    </Operation>

    <Operation Class="PatchOperationReplace">
        <xpath>Defs/ThingDef[defName="ElectricSmithy"]/description</xpath>
        <value>
            <description>An electric-powered station for smithing non-mechanical weapons and tools. Can also be used to craft rudimentary prostheses.</description>
        </value>
    </Operation>
</Patch>