<?xml version="1.0" encoding="utf-8"?>
<Patch>
    
    <Operation Class="PatchOperationSequence">
        <success>Always</success>
        <operations>

            <!-- Will check for RBSE Standard, or RBSE Hardcore -->
            <li Class="ModCheck.isModLoaded">
                <modName>Rah's Bionics and Surgery Expansion</modName>
                <altModNames>
                    <li>RBSE Hardcore Edition</li>
                </altModNames>
                <yourMod>RBSE Back to Basics</yourMod>
            </li>

            <!-- Unbuild bionic bench -->
            <li Class="PatchOperationRemove">
                <xpath>Defs/WorkGiverDef[defName="DoBillsBionicWorkbench"]</xpath>
            </li>
            <li Class="PatchOperationRemove">
                <xpath>Defs/ThingDef[defName="BionicWorkbench"]</xpath>
            </li>

            <!-- Returns all bionics bills to fabrication bench -->
            <li Class="PatchOperationAdd">
                <xpath>Defs/ThingDef[defName="FabricationBench"]/recipes</xpath>
                <value>
                    <li>MakePowerArm</li>
                    <li>MakeBionicArm</li>
                    <li>MakeBionicLeg</li>
                    <li>MakeBionicHand</li>
                    <li>MakeBionicFoot</li>
                    <li>MakeBionicSpine</li>
                    <li>MakeBionicEye</li>
                    <li>MakeBionicEar</li>
                    <li>MakeBionicJaw</li>
                </value>
            </li>

        </operations>
    </Operation>

</Patch>