<?xml version="1.0" encoding="UTF-8"?>
<Defs>

	<RecipeDef Abstract="True" Name="RecipeBasicProsthesis">
		<workSpeedStat>GeneralLaborSpeed</workSpeedStat>
		<unfinishedThingDef>UnfinishedProsthesis</unfinishedThingDef>
		<workSkill>Crafting</workSkill>
        <workAmount>2500</workAmount>
        <recipeUsers>
            <li>FueledSmithy</li>
            <li>ElectricSmithy</li>
        </recipeUsers>
        <researchPrerequisite>BasicProsthetics</researchPrerequisite>
	</RecipeDef>

	<RecipeDef ParentName="RecipeBasicProsthesis">
		<defName>CreateSteelArm</defName>
		<label>Craft steel arm</label>
		<description>Crafts a steel arm from steel.</description>
		<jobString>Crafting prosthesis.</jobString>
		<soundWorking>Recipe_Smith</soundWorking>
		<products>
			<SteelArm>1</SteelArm>
		</products>
		<ingredients>
			<li>
				<filter>
					<thingDefs>
						<li>Steel</li>
					</thingDefs>
				</filter>
				<count>75</count>
			</li>
		</ingredients>
		<fixedIngredientFilter>
			<thingDefs>
				<li>Steel</li>
			</thingDefs>
		</fixedIngredientFilter>
	</RecipeDef>

	<RecipeDef ParentName="RecipeBasicProsthesis">
		<defName>CreatePegLeg</defName>
		<label>Craft peg leg</label>
		<description>Crafts a simple prosthetic leg from wood.</description>
		<jobString>Crafting prosthesis.</jobString>
		<soundWorking>Recipe_MakeWoodPlanks_Hand</soundWorking>
		<products>
			<PegLeg>1</PegLeg>
		</products>
		<ingredients>
			<li>
				<filter>
					<thingDefs>
						<li>WoodLog</li>
					</thingDefs>
				</filter>
				<count>50</count>
			</li>
		</ingredients>
		<fixedIngredientFilter>
			<thingDefs>
				<li>WoodLog</li>
			</thingDefs>
		</fixedIngredientFilter>
	</RecipeDef>

	<RecipeDef ParentName="RecipeBasicProsthesis">
		<defName>CreateEyePatch</defName>
		<label>Craft eye patch</label>
		<description>Tailors an eye patch from fabric.</description>
		<jobString>Crafting prosthesis.</jobString>
		<soundWorking>Recipe_Tailor</soundWorking>
		<products>
			<EyePatch>1</EyePatch>
		</products>
		<ingredients>
			<li>
				<filter>
					<categories>
						<li>Textiles</li>
					</categories>
				</filter>
				<count>15</count>
			</li>
		</ingredients>
		<fixedIngredientFilter>
			<categories>
				<li>Textiles</li>
			</categories>
		</fixedIngredientFilter>
	</RecipeDef>

	<RecipeDef ParentName="RecipeBasicProsthesis">
		<defName>CreateHookHand</defName>
		<label>Craft hook hand</label>
		<description>Tailors a hook hand from fabric and metal.</description>
		<jobString>Crafting prosthesis.</jobString>
		<soundWorking>Recipe_Smith</soundWorking>
		<products>
			<HookHand>1</HookHand>
		</products>
		<ingredients>
			<li>
				<filter>
					<thingDefs>
						<li>Steel</li>
					</thingDefs>
				</filter>
				<count>15</count>
			</li>
			<li>
				<filter>
					<categories>
						<li>Textiles</li>
					</categories>
				</filter>
				<count>20</count>
			</li>
		</ingredients>
		<fixedIngredientFilter>
			<thingDefs>
				<li>Steel</li>
			</thingDefs>
			<categories>
				<li>Textiles</li>
			</categories>
		</fixedIngredientFilter>
	</RecipeDef>

	<RecipeDef ParentName="RecipeBasicProsthesis">
		<defName>CreateDenture</defName>
		<label>Craft denture</label>
		<description>Crafts a cheap denture from wood logs. Easy to make.</description>
		<jobString>Crafting prosthesis.</jobString>
		<soundWorking>Recipe_MakeWoodPlanks_Hand</soundWorking>
		<ingredients>
			<li>
				<filter>
					<thingDefs>
						<li>WoodLog</li>
					</thingDefs>
				</filter>
				<count>20</count>
			</li>
		</ingredients>
		<fixedIngredientFilter>
			<thingDefs>
				<li>WoodLog</li>
			</thingDefs>
		</fixedIngredientFilter>
		<products>
			<denture>1</denture>
		</products>
		<skillRequirements>
			<Crafting>7</Crafting>
		</skillRequirements>
	</RecipeDef>

	<RecipeDef ParentName="RecipeBasicProsthesis">
		<defName>CreateWoodenFoot</defName>
		<label>Craft wooden foot</label>
		<description>Chops wood into a foot-like shape.</description>
		<jobString>Crafting prosthesis.</jobString>
		<soundWorking>Recipe_MakeWoodPlanks_Hand</soundWorking>
		<ingredients>
			<li>
				<filter>
					<thingDefs>
						<li>WoodLog</li>
					</thingDefs>
				</filter>
				<count>15</count>
			</li>
		</ingredients>
		<fixedIngredientFilter>
			<thingDefs>
				<li>WoodLog</li>
			</thingDefs>
		</fixedIngredientFilter>
		<products>
			<WoodenFoot>1</WoodenFoot>
		</products>
	</RecipeDef>

	<RecipeDef ParentName="RecipeBasicProsthesis">
		<defName>CreateEarBandage</defName>
		<label>Craft ear bandage</label>
		<description>Tailors an ear bandage from fabric.</description>
		<jobString>Crafting prosthesis.</jobString>
		<soundWorking>Recipe_Tailor</soundWorking>
		<products>
			<EarBandage>1</EarBandage>
		</products>
		<ingredients>
			<li>
				<filter>
					<categories>
						<li>Textiles</li>
					</categories>
				</filter>
				<count>15</count>
			</li>
		</ingredients>
		<fixedIngredientFilter>
			<categories>
				<li>Textiles</li>
			</categories>
		</fixedIngredientFilter>
	</RecipeDef>

</Defs>