<?xml version="1.0" encoding="UTF-8"?>
<Defs>

    <RecipeDef Name="SurgeryBasic" ParentName="SurgeryFlesh" Abstract="True">
        <surgerySuccessChanceFactor>1.5</surgerySuccessChanceFactor>
        <deathOnFailedSurgeryChance>0</deathOnFailedSurgeryChance>
        <recipeUsers>
            <li>Human</li>
        </recipeUsers>
        <dontShowIfAnyIngredientMissing>true</dontShowIfAnyIngredientMissing>
    </RecipeDef>
    
    <RecipeDef ParentName="SurgeryBasic">
        <defName>InstallSteelArm</defName>
        <label>install steel arm</label>
        <description>Installs steel arm.</description>
        <workerClass>Recipe_InstallArtificialBodyPart</workerClass>
        <jobString>Installing steel arm.</jobString>
        <workAmount>500</workAmount>
        <ingredients>
            <li>
                <filter>
                    <categories>
                        <li>Medicine</li>
                    </categories>
                </filter>
                <count>1</count>
            </li>
            <li>
                <filter>
                    <thingDefs>
                        <li>SteelArm</li>
                    </thingDefs>
                </filter>
                <count>1</count>
            </li>
        </ingredients>
        <fixedIngredientFilter>
            <categories>
                <li>Medicine</li>
            </categories>
            <thingDefs>
                <li>SteelArm</li>
            </thingDefs>
        </fixedIngredientFilter>
        <appliedOnFixedBodyParts>
            <li>Shoulder</li>
        </appliedOnFixedBodyParts>
        <addsHediff>SteelArm</addsHediff>
    </RecipeDef>
    
    <RecipeDef ParentName="SurgeryBasic">
        <defName>InstallEyePatch</defName>
        <label>install eye patch</label>
        <description>Installs eye patch.</description>
        <workerClass>Recipe_InstallArtificialBodyPart</workerClass>
        <jobString>Installing eye patch.</jobString>
        <workAmount>250</workAmount>
        <ingredients>
            <li>
                <filter>
                    <categories>
                        <li>Medicine</li>
                    </categories>
                </filter>
                <count>1</count>
            </li>
            <li>
                <filter>
                    <thingDefs>
                        <li>EyePatch</li>
                    </thingDefs>
                </filter>
                <count>1</count>
            </li>
        </ingredients>
        <fixedIngredientFilter>
            <categories>
                <li>Medicine</li>
            </categories>
            <thingDefs>
                <li>EyePatch</li>
            </thingDefs>
        </fixedIngredientFilter>
        <appliedOnFixedBodyParts>
            <li>Eye</li>
        </appliedOnFixedBodyParts>
        <addsHediff>EyePatch</addsHediff>
    </RecipeDef>
    
    <RecipeDef ParentName="SurgeryBasic">
        <defName>InstallHookHand</defName>
        <label>install hook hand</label>
        <description>Installs hook hand.</description>
        <workerClass>Recipe_InstallArtificialBodyPart</workerClass>
        <jobString>Installing hook hand.</jobString>
        <workAmount>500</workAmount>
        <ingredients>
            <li>
                <filter>
                    <categories>
                        <li>Medicine</li>
                    </categories>
                </filter>
                <count>1</count>
            </li>
            <li>
                <filter>
                    <thingDefs>
                        <li>HookHand</li>
                    </thingDefs>
                </filter>
                <count>1</count>
            </li>
        </ingredients>
        <fixedIngredientFilter>
            <categories>
                <li>Medicine</li>
            </categories>
            <thingDefs>
                <li>HookHand</li>
            </thingDefs>
        </fixedIngredientFilter>
        <appliedOnFixedBodyParts>
            <li>Hand</li>
        </appliedOnFixedBodyParts>
        <addsHediff>HookHand</addsHediff>
    </RecipeDef>
    
    
    <RecipeDef ParentName="SurgeryBasic">
        <defName>InstallDenture</defName>
        <label>install denture</label>
        <description>Installs a simple denture.</description>
        <workerClass>Recipe_InstallArtificialBodyPart</workerClass>
        <jobString>Installing a denture.</jobString>
        <workAmount>500</workAmount>
        <ingredients>
            <li>
                <filter>
                    <categories>
                        <li>Medicine</li>
                    </categories>
                </filter>
                <count>1</count>
            </li>
            <li>
                <filter>
                    <thingDefs>
                        <li>denture</li>
                    </thingDefs>
                </filter>
                <count>1</count>
            </li>
        </ingredients>
        <fixedIngredientFilter>
            <categories>
                <li>Medicine</li>
            </categories>
            <thingDefs>
                <li>denture</li>
            </thingDefs>
        </fixedIngredientFilter>
        <appliedOnFixedBodyParts>
            <li>Jaw</li>
        </appliedOnFixedBodyParts>
        <addsHediff>denture</addsHediff>
    </RecipeDef>
    
    <RecipeDef ParentName="SurgeryBasic">
        <defName>InstallWoodenFoot</defName>
        <label>install wooden foot</label>
        <description>Installs a wooden foot.</description>
        <workerClass>Recipe_InstallArtificialBodyPart</workerClass>
        <jobString>Attaching wood log to the leg.</jobString>
        <workAmount>500</workAmount>
        <ingredients>
            <li>
                <filter>
                    <categories>
                        <li>Medicine</li>
                    </categories>
                </filter>
                <count>1</count>
            </li>
            <li>
                <filter>
                    <thingDefs>
                        <li>WoodenFoot</li>
                    </thingDefs>
                </filter>
                <count>1</count>
            </li>
        </ingredients>
        <fixedIngredientFilter>
            <categories>
                <li>Medicine</li>
            </categories>
            <thingDefs>
                <li>WoodenFoot</li>
            </thingDefs>
        </fixedIngredientFilter>
        <appliedOnFixedBodyParts>
            <li>Foot</li>
        </appliedOnFixedBodyParts>
        <addsHediff>WoodenFoot</addsHediff>
    </RecipeDef>
    
    <RecipeDef ParentName="SurgeryBasic">
        <defName>InstallPegLeg</defName>
        <label>install peg leg</label>
        <description>Installs a wooden leg.</description>
        <workerClass>Recipe_InstallArtificialBodyPart</workerClass>
        <jobString>Installing peg leg.</jobString>
        <workAmount>500</workAmount>
        <ingredients>
            <li>
                <filter>
                    <categories>
                        <li>Medicine</li>
                    </categories>
                </filter>
                <count>1</count>
            </li>
            <li>
                <filter>
                    <thingDefs>
                        <li>PegLeg</li>
                    </thingDefs>
                </filter>
                <count>1</count>
            </li>
        </ingredients>
        <fixedIngredientFilter>
            <categories>
                <li>Medicine</li>
            </categories>
            <thingDefs>
                <li>PegLeg</li>
            </thingDefs>
        </fixedIngredientFilter>
        <appliedOnFixedBodyParts>
            <li>Leg</li>
        </appliedOnFixedBodyParts>
        <addsHediff>PegLeg</addsHediff>
    </RecipeDef>
    
    <RecipeDef ParentName="SurgeryBasic">
        <defName>InstallEarBandage</defName>
        <label>install ear bandage</label>
        <description>Installs an ear bandage.</description>
        <workerClass>Recipe_InstallArtificialBodyPart</workerClass>
        <jobString>Installing ear bandage.</jobString>
        <workAmount>350</workAmount>
        <ingredients>
            <li>
                <filter>
                    <categories>
                        <li>Medicine</li>
                    </categories>
                </filter>
                <count>1</count>
            </li>
            <li>
                <filter>
                    <thingDefs>
                        <li>EarBandage</li>
                    </thingDefs>
                </filter>
                <count>1</count>
            </li>
        </ingredients>
        <fixedIngredientFilter>
            <categories>
                <li>Medicine</li>
            </categories>
            <thingDefs>
                <li>EarBandage</li>
            </thingDefs>
        </fixedIngredientFilter>
        <appliedOnFixedBodyParts>
            <li>Ear</li>
        </appliedOnFixedBodyParts>
        <addsHediff>EarBandage</addsHediff>
    </RecipeDef>
        
</Defs>